report_id,statistics_time,statistics_cycle,item_id,item_name,item_tags,total_click,total_try_on,try_on_conversion_rate,total_favorite,favorite_conversion_rate,heat_level,recommend_operation_strategy,inventory_suggestion,tag_heat_analysis
1,2026-06-01 15:09:03,实时,1,车厘子显白红,纯色,1,1,100.00%,1,100.00%,B级常规款,【常规运营】车厘子显白红表现稳定，建议结合节日/季节主题做限时活动，搭配高热度款组合推荐，关注标签优化空间,标准库存备货，建议保持3-7天安全库存，按需补货,核心标签 '纯色' 表现突出，该类标签款式整体点击1次、试戴1次，建议围绕这些标签做内容营销和场景化推荐
1,2026-06-01 15:09:03,实时,2,豆沙粉棕美拉德,纯色,0,0,0.00%,0,0.00%,C级冷门款,【观察调整】豆沙粉棕美拉德数据偏低，建议检查款式标签准确性，优化缩略图质量，尝试调整价格策略或捆绑热门款推荐,低库存维持，建议保持1-3天安全库存或按单生产，避免积压,标签 '纯色' 暂未产生足够数据，建议优化标签准确性并提升曝光
1,2026-06-01 15:09:03,实时,3,裸色奶茶,纯色,0,0,0.00%,0,0.00%,C级冷门款,【观察调整】裸色奶茶数据偏低，建议检查款式标签准确性，优化缩略图质量，尝试调整价格策略或捆绑热门款推荐,低库存维持，建议保持1-3天安全库存或按单生产，避免积压,标签 '纯色' 暂未产生足够数据，建议优化标签准确性并提升曝光
1,2026-06-01 15:09:03,实时,4,镜面水光粉,"纯色,镜面",0,0,0.00%,0,0.00%,C级冷门款,【观察调整】镜面水光粉数据偏低，建议检查款式标签准确性，优化缩略图质量，尝试调整价格策略或捆绑热门款推荐,低库存维持，建议保持1-3天安全库存或按单生产，避免积压,"标签 '纯色, 镜面' 暂未产生足够数据，建议优化标签准确性并提升曝光"
1,2026-06-01 15:09:03,实时,5,雾霾蓝,纯色,1,1,100.00%,1,100.00%,B级常规款,【常规运营】雾霾蓝表现稳定，建议结合节日/季节主题做限时活动，搭配高热度款组合推荐，关注标签优化空间,标准库存备货，建议保持3-7天安全库存，按需补货,核心标签 '纯色' 表现突出，该类标签款式整体点击1次、试戴1次，建议围绕这些标签做内容营销和场景化推荐
1,2026-06-01 15:09:03,实时,6,焦糖拿铁,纯色,0,0,0.00%,0,0.00%,C级冷门款,【观察调整】焦糖拿铁数据偏低，建议检查款式标签准确性，优化缩略图质量，尝试调整价格策略或捆绑热门款推荐,低库存维持，建议保持1-3天安全库存或按单生产，避免积压,标签 '纯色' 暂未产生足够数据，建议优化标签准确性并提升曝光
1,2026-06-01 15:09:03,实时,7,甜橘汽水,纯色,0,0,0.00%,0,0.00%,C级冷门款,【观察调整】甜橘汽水数据偏低，建议检查款式标签准确性，优化缩略图质量，尝试调整价格策略或捆绑热门款推荐,低库存维持，建议保持1-3天安全库存或按单生产，避免积压,标签 '纯色' 暂未产生足够数据，建议优化标签准确性并提升曝光
1,2026-06-01 15:09:03,实时,8,豆沙粉,纯色,0,0,0.00%,0,0.00%,C级冷门款,【观察调整】豆沙粉数据偏低，建议检查款式标签准确性，优化缩略图质量，尝试调整价格策略或捆绑热门款推荐,低库存维持，建议保持1-3天安全库存或按单生产，避免积压,标签 '纯色' 暂未产生足够数据，建议优化标签准确性并提升曝光
1,2026-06-01 15:09:03,实时,9,金属银,"纯色,镜面",0,0,0.00%,0,0.00%,C级冷门款,【观察调整】金属银数据偏低，建议检查款式标签准确性，优化缩略图质量，尝试调整价格策略或捆绑热门款推荐,低库存维持，建议保持1-3天安全库存或按单生产，避免积压,"标签 '纯色, 镜面' 暂未产生足够数据，建议优化标签准确性并提升曝光"
1,2026-06-01 15:09:03,实时,10,法式白边,法式,0,0,0.00%,0,0.00%,C级冷门款,【观察调整】法式白边数据偏低，建议检查款式标签准确性，优化缩略图质量，尝试调整价格策略或捆绑热门款推荐,低库存维持，建议保持1-3天安全库存或按单生产，避免积压,标签 '法式' 暂未产生足够数据，建议优化标签准确性并提升曝光
1,2026-06-01 15:09:03,实时,11,渐变星空,渐变,0,0,0.00%,0,0.00%,C级冷门款,【观察调整】渐变星空数据偏低，建议检查款式标签准确性，优化缩略图质量，尝试调整价格策略或捆绑热门款推荐,低库存维持，建议保持1-3天安全库存或按单生产，避免积压,标签 '渐变' 暂未产生足够数据，建议优化标签准确性并提升曝光
1,2026-06-01 15:09:03,实时,12,樱花粉渐变,渐变,0,0,0.00%,0,0.00%,C级冷门款,【观察调整】樱花粉渐变数据偏低，建议检查款式标签准确性，优化缩略图质量，尝试调整价格策略或捆绑热门款推荐,低库存维持，建议保持1-3天安全库存或按单生产，避免积压,标签 '渐变' 暂未产生足够数据，建议优化标签准确性并提升曝光
1,2026-06-01 15:09:03,实时,13,猫眼石绿,猫眼,0,0,0.00%,0,0.00%,C级冷门款,【观察调整】猫眼石绿数据偏低，建议检查款式标签准确性，优化缩略图质量，尝试调整价格策略或捆绑热门款推荐,低库存维持，建议保持1-3天安全库存或按单生产，避免积压,标签 '猫眼' 暂未产生足够数据，建议优化标签准确性并提升曝光
1,2026-06-01 15:09:03,实时,14,琥珀猫眼,猫眼,0,0,0.00%,0,0.00%,C级冷门款,【观察调整】琥珀猫眼数据偏低，建议检查款式标签准确性，优化缩略图质量，尝试调整价格策略或捆绑热门款推荐,低库存维持，建议保持1-3天安全库存或按单生产，避免积压,标签 '猫眼' 暂未产生足够数据，建议优化标签准确性并提升曝光
1,2026-06-01 15:09:03,实时,15,立体蝴蝶结,"手绘,立体",0,0,0.00%,0,0.00%,C级冷门款,【观察调整】立体蝴蝶结数据偏低，建议检查款式标签准确性，优化缩略图质量，尝试调整价格策略或捆绑热门款推荐,低库存维持，建议保持1-3天安全库存或按单生产，避免积压,"标签 '手绘, 立体' 暂未产生足够数据，建议优化标签准确性并提升曝光"
1,2026-06-01 15:09:03,实时,16,水墨丹青,"手绘,国风",0,0,0.00%,0,0.00%,C级冷门款,【观察调整】水墨丹青数据偏低，建议检查款式标签准确性，优化缩略图质量，尝试调整价格策略或捆绑热门款推荐,低库存维持，建议保持1-3天安全库存或按单生产，避免积压,"标签 '手绘, 国风' 暂未产生足够数据，建议优化标签准确性并提升曝光"
1,2026-06-01 15:09:03,实时,17,碎冰蓝钻,"贴钻,装饰",0,0,0.00%,0,0.00%,C级冷门款,【观察调整】碎冰蓝钻数据偏低，建议检查款式标签准确性，优化缩略图质量，尝试调整价格策略或捆绑热门款推荐,低库存维持，建议保持1-3天安全库存或按单生产，避免积压,"标签 '贴钻, 装饰' 暂未产生足够数据，建议优化标签准确性并提升曝光"
1,2026-06-01 15:09:03,实时,18,小香风粗花呢,"纹理,编织",0,0,0.00%,0,0.00%,C级冷门款,【观察调整】小香风粗花呢数据偏低，建议检查款式标签准确性，优化缩略图质量，尝试调整价格策略或捆绑热门款推荐,低库存维持，建议保持1-3天安全库存或按单生产，避免积压,"标签 '纹理, 编织' 暂未产生足够数据，建议优化标签准确性并提升曝光"
1,2026-06-01 15:09:03,实时,19,复古酒红,纯色,0,0,0.00%,0,0.00%,C级冷门款,【观察调整】复古酒红数据偏低，建议检查款式标签准确性，优化缩略图质量，尝试调整价格策略或捆绑热门款推荐,低库存维持，建议保持1-3天安全库存或按单生产，避免积压,标签 '纯色' 暂未产生足够数据，建议优化标签准确性并提升曝光
1,2026-06-01 15:09:03,实时,20,克莱因蓝,纯色,0,0,0.00%,0,0.00%,C级冷门款,【观察调整】克莱因蓝数据偏低，建议检查款式标签准确性，优化缩略图质量，尝试调整价格策略或捆绑热门款推荐,低库存维持，建议保持1-3天安全库存或按单生产，避免积压,标签 '纯色' 暂未产生足够数据，建议优化标签准确性并提升曝光
1,2026-06-01 15:09:03,实时,21,抹茶生巧,纯色,0,0,0.00%,0,0.00%,C级冷门款,【观察调整】抹茶生巧数据偏低，建议检查款式标签准确性，优化缩略图质量，尝试调整价格策略或捆绑热门款推荐,低库存维持，建议保持1-3天安全库存或按单生产，避免积压,标签 '纯色' 暂未产生足够数据，建议优化标签准确性并提升曝光
1,2026-06-01 15:09:03,实时,22,暗黑哥特,"纯色,纹理",0,0,0.00%,0,0.00%,C级冷门款,【观察调整】暗黑哥特数据偏低，建议检查款式标签准确性，优化缩略图质量，尝试调整价格策略或捆绑热门款推荐,低库存维持，建议保持1-3天安全库存或按单生产，避免积压,"标签 '纯色, 纹理' 暂未产生足够数据，建议优化标签准确性并提升曝光"
1,2026-06-01 15:09:03,实时,23,珍珠贝母,"装饰,纹理",0,0,0.00%,0,0.00%,C级冷门款,【观察调整】珍珠贝母数据偏低，建议检查款式标签准确性，优化缩略图质量，尝试调整价格策略或捆绑热门款推荐,低库存维持，建议保持1-3天安全库存或按单生产，避免积压,"标签 '装饰, 纹理' 暂未产生足够数据，建议优化标签准确性并提升曝光"
1,2026-06-01 15:09:03,实时,24,极光幻彩,"渐变,镜面",0,0,0.00%,0,0.00%,C级冷门款,【观察调整】极光幻彩数据偏低，建议检查款式标签准确性，优化缩略图质量，尝试调整价格策略或捆绑热门款推荐,低库存维持，建议保持1-3天安全库存或按单生产，避免积压,"标签 '渐变, 镜面' 暂未产生足够数据，建议优化标签准确性并提升曝光"
1,2026-06-01 15:09:03,实时,25,暖橘番茄,纯色,0,0,0.00%,0,0.00%,C级冷门款,【观察调整】暖橘番茄数据偏低，建议检查款式标签准确性，优化缩略图质量，尝试调整价格策略或捆绑热门款推荐,低库存维持，建议保持1-3天安全库存或按单生产，避免积压,标签 '纯色' 暂未产生足够数据，建议优化标签准确性并提升曝光
